Store Name,Address,City,State,Zip,Phone
New Balance Factory Store Cincinnati,"Cincinnati Premium Outlets, 966 Premium Outlets Drive",Monroe,OH,45050,(216) 232-2263
New Balance Factory Store Opry Mills,107 Opry Mills Dr,Nashville,TN,37214,(615) 873-2580
New Balance Cool Springs,420 Cool Springs Blvd # 130,Franklin,TN,37067,(615) 503-9654
New Balance Knoxville,8027 Kingston Pike,Knoxville,TN,37919,(865) 539-1100
New Balance Factory Store Sevierville,1645 Parkway,Sevierville,TN,37862,(865) 774-9680
New Balance Factory Store Columbus,"Tanger Outlets Columbus, 400 South Wilson Road, Suite 1040",Sunbury,OH,43074,(740) 913-1022
New Balance Chattanooga,1820 Gunbarrel Rd #300,Chattanooga,TN,37421,(423) 894-5400
New Balance Merrillville | We Have Your Fit,600 W 81st Ave,Merrillville,IN,46410,(219) 769-7300
New Balance St. Louis,1205 S Big Bend Blvd,Richmond Heights,MO,63117,(314) 646-1574
New Balance Granger | We Have Your Fit,7410 Gumwood Rd Suite J2,Granger,IN,46530,(574) 272-7300
New Balance Factory Store Asheville,800 Brevard Rd,Asheville,NC,28806,(828) 667-9230
New Balance St. Louis,11633 Olive Blvd,Creve Coeur,MO,63141,(314) 872-2929
New Balance Factory Store North Georgia,800 GA-400 Suite 1010,Dawsonville,GA,30534,(706) 216-7779
New Balance Naperville | We Have Your Fit,2879 W 95th Street Suite 115,Naperville,IL,60564,(630) 637-7373
New Balance Lincoln Park,2369 N Clark St,Chicago,IL,60614,(773) 248-9721
New Balance Oakbrook Center - Coming Soon!,65 Oakbrook Center,Oak Brook,IL,60523,
New Balance Factory Store Woodstock,915 Ridgewalk Pkwy,Woodstock,GA,30188,(770) 591-6355
New Balance Factory Store Chicago,1650 Premium Outlet Blvd. Ste. 1271A,Aurora,IL,60502,(331) 321-7540
New Balance Geneva | We Have Your Fit,1749 S Randall Rd Suite C,Geneva,IL,60134,(630) 845-9437
New Balance Atlanta at Northpoint,7300 North Point Pkwy #119,Alpharetta,GA,30022,(678) 867-0035
New Balance Atlanta at Mall Georgia,3260 Buford Dr NE Suite 70,Buford,GA,30519,(678) 546-9100
New Balance Greenville,1140 Woodruff Rd #501,Greenville,SC,29607,(864) 288-0044
New Balance Highland Park,610 Central Ave #169,Highland Park,IL,60035,(847) 266-8323
New Balance Atlanta @ Sandy Springs,"6681 Roswell Road N.E., Suite C",Atlanta,GA,30062,(678) 560-9259
New Balance Memphis I,5502 Poplar Ave Suite 2,Memphis,TN,38119,(901) 624-7663
New Balance Atlanta @ Toco Hills,"1975 Clairmont Rd, Suite A",Decatur,GA,30033,(404) 968-9090
New Balance Factory Store Aurora Farms,549 S Chillicothe Rd,Aurora,OH,44202,(330) 562-0977
New Balance Farmington Hills,37606 W 12 Mile Road,Farmington Hills,MI,48331,(947) 228-3338
New Balance Birmingham,4618 US-280,Birmingham,AL,35242,(205) 991-4446
New Balance Winston-Salem,202 S Stratford Road,Winston-Salem,NC,27103,(910) 408-7372
New Balance Factory Store Charlotte,5506 New Fashion Way #330,Charlotte,NC,28278,(704) 588-7302
New Balance Troy,821 E Big Beaver Rd,Troy,MI,48083,(947) 218-3314
New Balance Concord,811 Concord Mills Blvd #646,Concord,NC,28027,(704) 979-8710
New Balance Factory Store Grove City,1911 Leesburg Grove City Road Suite 825,Grove City,PA,16127,(724) 748-4300
New Balance Factory Store,12240 S. Beyer Road Suite F435,Birch Run,MI,48415,(989) 349-5033
New Balance London,663 Wonderland Rd N,London,ON,N6H0H9,(519) 641-4297
New Balance Factory Store Branson,"300 Tanger Blvd, Suite 311",Branson,MO,65616,
New Balance Raleigh,"1101 Mercantile Drive Ste 100, Midtown East Shopping Center",Raleigh,NC,27609,(919) 594-1831
New Balance Factory Store Wisconsin Dells,210 N Gasser Rd,Baraboo,WI,53913,(608) 253-1291
New Balance Factory Store Hagerstown,495 Prime Outlets Blvd. Suite 625,Hagerstown,MD,21740,(301) 733-5879
New Balance Richmond,11341 West Broad Street Suite 171,Glen Allen,VA,23060,(804) 533-6546
New Balance Factory Store Leesburg,241 Fort Evans Rd NE #1225,Leesburg,VA,20176,(703) 777-2183
New Balance Factory Store Woodbridge,2700 Potomac Mills Cir,Woodbridge,VA,22192,(703) 491-4213
New Balance Factory Store Clarksburg,22705 Clarksburg Rd Suite 834L,Boyds,MD,20841,(301) 972-5781
New Balance Mosaic District,"Mosaic District, 2905 District Ave, Suite 150",Fairfax,VA,22031,(703) 382-3411
New Balance D.C.,5301 Wisconsin Ave NW #170,Washington,DC,20015,(202) 237-1840
New Balance Georgetown,3139 M Street NW,Washington,DC,20007,(571) 877-8788
New Balance Factory Store Oxon,6800 Oxon Hill Rd #650,Oxon Hill,MD,20745,(301) 567-1218
New Balance Overland Park,6607 W 119th Street,Overland Park,KS,66209,(913) 696-1646
New Balance Factory Store Charleston,4840 Tanger Outlet Blvd,North Charleston,SC,29418,(843) 554-8945
New Balance Factory Store Myrtle Beach,4635 Factory Stores Blvd,Myrtle Beach,SC,29579,(843) 903-0351
New Balance Factory Store Savannah,200 Tanger Outlets Blvd #441,Pooler,GA,31322,(912) 450-9940
New Balance Oakville,1011 Upper Middle Rd E,Oakville,ON,L6H4L5,(905) 337-9393
New Balance Factory Store at Toronto Premium Outlets,"13850 Steeles Ave W, UNIT 302",Halton Hills,ON,L7G0J1,(905) 636-0005
New Balance Factory Store Outlet Collection at Niagara,300 Taylor Rd,Niagara-on-the-Lake,ON,L0S1J0,(905) 684-8894
New Balance Factory Store Hilton Head,1256 Fording Island Rd Suite 150,Bluffton,SC,29910,(843) 706-2920
New Balance Factory Store Myrtle Beach,10843 Kings Rd Suite 605,Myrtle Beach,SC,29572,(843) 449-2341
New Balance Factory Store Hanover,7000 Arundel Mills Cir,Hanover,MD,21076,(410) 379-8291
New Balance Factory Store Williamsburg,5715 Richmond Rd E070,Williamsburg,VA,23188,(757) 220-5414
New Balance Annapolis,169 Jennifer Rd C,Annapolis,MD,21401,(443) 458-5131
New Balance Bloor West Village,2252 Bloor Street West,Toronto,ON,M6S1N6,(416) 766-8882
New Balance Exchange Tower,"130 King St W, Concourse Level",Toronto,ON,M5X1A9,(416) 306-9992
New Balance Summerhill,1234 Yonge Street,Toronto,ON,M4T1W3,(416) 962-8662
New Balance Danforth,613 Danforth Ave,Toronto,ON,M4K1R2,(416) 466-4444
New Balance CF Shops at Don Mills,39 Karl Fraser Rd,North York,ON,M3C0E5,(416) 390-9998
New Balance CF Fairview Mall,CF Fairview Mall - 1800 Sheppard Avenue East,North York,ON,M2J5A7,(416) 225-7770
New Balance Factory Store Lancaster,311 Stanley K Tanger Blvd Suite 1420,Lancaster,PA,17602,(717) 553-5065
New Balance Factory Store Destin,10406 Emerald Coast Pkwy #1,Destin,FL,32550,(850) 650-5942
New Balance Virginia Beach,"729 First Colonial Road, Ste 103",Virginia Beach,VA,23451,(757) 422-1776
New Balance Christiana,1271 Churchmans Rd,Newark,DE,19713,(302) 366-4410
New Balance Brandywine,4451 Concord Pike,Wilmington,DE,19803,(302) 467-2436
New Balance Rehoboth,"18798 Coastal Hwy, Unit 1",Rehoboth Beach,DE,19971,(302) 644-1776
New Balance Suburban Square,115 Coulter Avenue,Ardmore,PA,19003,
New Balance Factory Store Tulsa,"Tulsa Premium Outlets, 801 East Outlet Drive, Suite 8150",Jenks,OK,74037,(539) 666-0108
New Balance Philadelphia,1615 Walnut St,Philadelphia,PA,19103,(267) 330-0490
New Balance Factory Store Tannersville,100 Pennsylvania 611 Suite C-12,Tannersville,PA,18372,(570) 619-4230
New Balance Cherry Hill,1990 MARLTON PIKE EAST,Cherry Hill,NJ,08003,(201) 249-6923
New Balance Mount Laurel,4313 Dearborn Circle,Mt Laurel,NJ,08054,(856) 840-0905
New Balance Factory Store Twin Cities,"Twin Cities Premium Outlets, 3905 Eagan Outlets Parkway, Suite 210",Eagan,MN,55122,(612) 704-8470
New Balance Galleria Edina - Now Open!,3200 Galleria,Edina,MN,55435,(713) 993-6216
New Balance Princeton,439 Nassau Park Blvd,Princeton,NJ,08540,(609) 720-0103
New Balance New Orleans,3141 Veterans Memorial Blvd.,Metairie,LA,70002,(504) 766-0217
New Balance Factory Store St. Augustine,2700 State Rd 16#815,St. Augustine,FL,32092,(904) 829-5945
New Balance Factory Store Jersey Shore - Now Open,"One Premium Outlets Blvd, Suite 537",Tinton Falls,NJ,07753,
New Balance Factory Store Jersey Gardens,651 Kapkowski Rd,Elizabeth,NJ,07201,(908) 436-9102
New Balance North Jersey,459 State Rt 17,Hasbrouck Heights,NJ,07604,(201) 727-0745
New Balance New York,150 5th Ave,New York,NY,10011,(212) 727-2520
NYRR RUNCENTER featuring the NB Run Hub,320 W 57th St,New York,NY,10019,(212) 757-2452
New Balance Upper West Side,210 Columbus Avenue,New York,NY,10023,(347) 814-0095
New Balance New York II,1172 3rd Ave,New York,NY,10065,(212) 452-3429
New Balance Factory Store Woodbury Commons,177 Marigold Ct,Central Valley,NY,10917,(845) 928-1122
New Balance Westchester,350 Tarrytown Rd,White Plains,NY,10607,(914) 993-6291
New Balance Factory Store Daytona,1100 Cornerstone Blvd #1020,Daytona Beach,FL,32117,(386) 256-7279
New Balance Long Island | NOW OPEN for in-store shopping,127 Old Country Rd,Carle Place,NY,11514,(516) 873-7020
New Balance Suffolk | NOW OPEN for in-store shopping,115 Alexander Ave,Lake Grove,NY,11755,(631) 257-5124
New Balance Rockwall,951 I-30 #115,Rockwall,TX,75087,(214) 771-0528
New Balance Factory Store Allen,820 W Stacy Rd #654,Allen,TX,75013,(972) 678-4527
New Balance Factory Ottawa,"Tanger Outlets Ottawa, 8555 Campeau Drive, Unit 740",Ottawa,ON,K2T0K5,(613) 836-1303
New Balance Frisco,8300 Gaylord Pkwy #4,Frisco,TX,75034,(214) 618-4442
New Balance Factory Store Orlando,4955 International Dr #113,Orlando,FL,32819,(407) 903-9551
New Balance Factory Store Orlando,5263 International Dr,Orlando,FL,32819,(407) 903-9551
New Balance Factory Store Tampa,"2398 Grand Cypress Dr, Ste 93",Lutz,FL,33559,(813) 909-2485
New Balance Factory Store Vineland,8200 Vineland Avenue Suite 1537,Orlando,FL,32821,(407) 396-0444
New Balance Dallas,4017 Northwest Pkwy N,Dallas,TX,75225,(214) 696-4313
New Balance Factory Store Kissimmee,5881 W Irlo Bronson Memorial Hwy,Kissimmee,FL,34746,(407) 787-4181
New Balance Tampa - Shop Local,13234 N Dale Mabry Hwy,Tampa,FL,33618,(813) 265-4859
New Balance Factory Store Riverhead,602 Tanger Mall Dr,Riverhead,NY,11901,(631) 208-0209
New Balance Factory Store Grapevine,"3000 Grapevine Mills Parkway, Suite 608",Grapevine,TX,76051,(469) 933-0334
New Balance Factory Store Lake George,1415 State Route 9 Suite 135,Lake George,NY,12845,(518) 741-6442
"New Balance Avon -Instore fittings, Curbside pick up, and phone orders",380 West Main Street,Avon,CT,06001,(860) 284-9695
New Balance Southlake,2704 E Southlake Blvd # 100,Southlake,TX,76092,(817) 749-0177
New Balance Factory Store Clinton,20-A Killingworth Turnpike Suite 100,Clinton,CT,06413,(860) 664-4150
New Balance Arlington,3751 Matlock Rd #101,Arlington,TX,76015,(817) 466-3882
"New Balance South Windsor - Instore fittings, Curbside, & Phone Orders",501 Evergreen Way #525,South Windsor,CT,06074,(860) 648-2141
New Balance Factory Store Manchester,135 Depot St,Manchester Center,VT,05255,(802) 362-0403
New Balance Fort Worth,4601 West Fwy #304,Fort Worth,TX,76107,(817) 737-8454
New Balance Factory Store Ellenton,5133 Factory Shops Blvd #960,Ellenton,FL,34222,(941) 721-7576
New Balance University 941-921-3696 Walk in or make an appointment today,"315 N Cattlemen Road, Suite 1",Sarasota,FL,34243,(941) 921-3696
New Balance Sarasota 941-921-3696 Walk in or make an appointment,1872 Stickney Point Rd,Sarasota,FL,34231,(941) 921-3696
New Balance The Woodlands,10868 Kuykendahl Rd,The Woodlands,TX,77381,(281) 203-5143
"New Balance Cranston - INSTORE, Curbside pick up and Phone orders",168 Hillside Rd,Cranston,RI,02910,(401) 654-4649
New Balance Factory Store Houston,29300 Hempstead Rd,Cypress,TX,77433,(281) 304-0346
New Balance Factory Store Montreal,"Premium Outlets Montreal, 19001 Chemin Notre-Dame, Suite 654",Mirabel,QC,J7J0T1,(450) 434-1606
New Balance Highland Village - Now Open!,4003 Westheimer Road,Houston,TX,77027,
New Balance Factory Store Wrentham,1 Outlet Blvd #187,Wrentham,MA,02093,(508) 384-2860
New Balance Factory Store Merrimack,80 Premium Outlets Blvd,Merrimack,NH,03054,(603) 424-7238
New Balance Factory Store Avon,15 Stockwell Dr,Avon,MA,02322,(508) 586-5067
New Balance Factory Store Brighton,173 Market St,Brighton,MA,02135,(617) 783-7165
New Balance Global Flagship Boston Landing,123 Guest St,Boston,MA,02135,(857) 316-2130
New Balance Newbury,124 Newbury Street,Boston,MA,02116,(617) 266-1583
New Balance Factory Store Lawrence,5 S Union St,Lawrence,MA,01843,(978) 685-1760
New Balance Factory Store Miromar,10801 Corkscrew Rd,Estero,FL,33928,(239) 992-0510
"New Balance Naples: Shop in store or by phone w/ curbside pick-up, delivery or shipping.",8799 Tamiami Trail N #101,Naples,FL,34108,(239) 596-8788
New Balance Factory Store Palm Beach,1751 Palm Beach Lakes Blvd suite 117,West Palm Beach,FL,33401,(561) 683-9123
New Balance Factory Store Kittery,325 US-1,Kittery,ME,03904,(207) 439-0710
New Balance Factory Store North Conway,Settler's Green Outlt Vill-Route 16 BLDF,North Conway,NH,03860,(603) 356-0157
New Balance Austin,"1007 South Congress Avenue, Suite 125",Austin,TX,78704,(512) 305-3967
New Balance Factory Store Sunrise,2610 Sawgrass Mills Cir,Sunrise,FL,33323,(954) 514-0937
New Balance Factory Store Oxford,19 Industrial Dr,Oxford,ME,04270,(207) 539-9022
New Balance Factory Store San Marcos,3939 I-35,San Marcos,TX,78666,(512) 392-2776
New Balance Factory Store Dolphin Mall,11401 NW 12th St #316,Miami,FL,33172,(305) 418-1962
New Balance Forum,8211 Agora Pkwy,Selma,TX,78154,(210) 658-4929
New Balance Quarry Market,255 E Basse Rd. #808,San Antonio,TX,78209,(210) 903-0808
New Balance Strand,11255 Huebner Road,San Antonio,TX,78230,(210) 699-0808
New Balance Factory Store Skowhegan,12 Walnut St,Skowhegan,ME,04976,(207) 474-6231
New Balance Lubbock,"5027 Milwaukee Ave, suite 300",Lubbock,TX,79407,(806) 791-0082
New Balance Factory Store Castle Rock,"5050 Factory Shops Blvd, Unit 330",Castle Rock,CO,80108,(303) 688-4495
New Balance Factory Store Denver,13801 Grant Street suite 795,Thornton,CO,80023,(720) 613-3008
New Balance Littleton,7301 S Santa Fe Dr,Littleton,CO,80120,(303) 795-4331
New Balance Albuquerque II,3731 Ellison NW #D,Albuquerque,NM,87114,(505) 899-0060
New Balance Union Park,7444 S Union Park Ave,Midvale,UT,84047,(801) 566-3800
New Balance Factory Store Traverse Mountain,"3700 North Cabelas Blvd, Ste 412",Lehi,UT,84043,(385) 455-4852
New Balance Factory Store Glendale,6800 N 95th Ave,Glendale,AZ,85305,(623) 872-2869
New Balance Factory Store Las Vegas North,855 South Grand Central Pkwy.,Las Vegas,NV,89106,(702) 385-0906
New Balance Factory Store Las Vegas,7400 S Las Vegas Blvd,Las Vegas,NV,89123,(702) 263-0158
New Balance Boise,4572 N Eagle Rd,Boise,ID,83713,(208) 939-7463
New Balance Factory Store Crossiron Mills,261055 Crossiron Blvd Space 429,Rocky View,AB,T4A0G3,(587) 441-9996
New Balance Factory Store Edmonton,1 Outlet Collection Way Unit 421,Edmonton,AB,T9E1J5,(780) 890-2375
New Balance Factory Store Barstow,2796 Tanger Way,Barstow,CA,92311,(760) 253-2011
New Balance Factory Store Cabazon,48750 Seminole Drive #117,Cabazon,CA,92230,(951) 849-1443
New Balance Factory Store Ontario,995 Barrington Ave,Ontario,CA,91764,(909) 466-9069
New Balance Encinitas,111 N El Camino Real Suite F &G,Encinitas,CA,92024,(760) 452-6079
New Balance Factory Store San Diego,4321 Camino De La Plz # 264,San Diego,CA,92173,(619) 428-3016
New Balance Factory Store Carlsbad,5610 Paseo Del Norte Suite B108,Carlsbad,CA,92008,(760) 585-1465
New Balance Factory Store San Clemente,101 W Avenida Vista Hermosa #500,San Clemente,CA,92672,(949) 545-0170
New Balance Puerto Rico,210 Avenida Carlos Chardon #104,San Juan,PR,00918,(787) 756-2121
New Balance South Coast Plaza,3333 Bear Street,Costa Mesa,CA,92626,(657) 467-3691
New Balance Pasadena,270 S Arroyo Pkwy,Pasadena,CA,91105,(626) 793-7900
New Balance Factory Store Citadel,100 Citadel Drive,Commerce,CA,90040,(323) 837-9790
New Balance Sunset Blvd,"3300 W Sunset Blvd, Unit 103",Los Angeles,CA,90026,
New Balance Torrance,20140 Hawthorne Blvd a,Torrance,CA,90503,(213) 204-8548
New Balance Brentwood,11713 Gorham Ave,Los Angeles,CA,90049,(213) 204-1414
New Balance Santa Monica,2600 Wilshire Blvd,Santa Monica,CA,90403,(310) 829-2900
New Balance Factory Store Camarillo,850 Ventura Blvd Suite 710,Camarillo,CA,93010,(805) 383-3586
New Balance Bellevue |Store Open + Curbside Pick-up Available|,823 Bellevue Way NE #100,Bellevue,WA,98004,(425) 454-8542
New Balance Factory Store Seattle,10600 Quil Ceda Blvd #724,Tulalip,WA,98271,(360) 651-9571
New Balance Alderwood Mall |Store Open + Curbside Pick-up Available|,3000 184th St SW #200,Lynnwood,WA,98037,(425) 774-1014
New Balance Factory Store Gilroy,8375 Arroyo Cir Suite A048,Gilroy,CA,95020,(408) 842-1395
New Balance Factory Store Vacaville,368 Nut Tree Rd,Vacaville,CA,95687,(707) 451-3189
New Balance Portland |Store Open + Curbside Pick-up Available|,7385 SW Bridgeport Road,Tigard,OR,97224,(503) 808-9400
New Balance Factory Store Livermore,3234 Livermore Outlets Dr,Livermore,CA,94551,(925) 724-0165
New Balance Factory Store Woodburn,1001 N. Arney Road Suite #820,Woodburn,OR,97071,(503) 982-5368
New Balance Factory Store Milpitas,456 Great Mall Drive,Milpitas,CA,95035,(408) 719-8678
New Balance Santana Row,"355 Santana Row, Suite 1005",San Jose,CA,95128,
New Balance Factory Store Centralia,102 W High St,Centralia,WA,98531,(360) 736-0664
New Balance Langley,19950 Willowbrook Dr #1,Langley City,BC,V2Y1K9,(604) 514-0022
New Balance Stanford - Now Open!,840B Stanford Shopping Center,Palo Alto,CA,94304,(650) 617-8200
New Balance Delta,6345 120 St #109,Delta,BC,V4E2A6,(604) 501-1333
New Balance Richmond BC,4771 Mcclelland Road #1410,Richmond,BC,V6X0M5,(604) 279-1550
New Balance Robson,1158 Robson St,Vancouver,BC,V6E1B2,(604) 681-6055
New Balance Victoria,1205 Government St,Victoria,BC,V8W1Y5,(250) 382-9327
New Balance Nanaimo,1825 Bowen Rd,Nanaimo,BC,V9S1H1,(250) 591-1995
New Balance,287-291 Oxford Street,London,London,W1C2DR,020 7499 8089
New Balance - Paris Parly 2,2 Avenue Charles de Gaulle,Le Chesnay,France,78150,01 86 26 19 87
New Balance,Leidsestraat 30,Amsterdam,Netherlands,1017PB,020 427 0646
New Balance - Paris La Defense,15 Parvis De La Défense,Paris,France,92092,01 84 88 64 68
New Balance - Paris FDH,"101 rue Berger, Store 9A, Niveau 0, passage de la Canopée",Paris,France,75001,01 42 21 04 12
New Balance - Paris Carre Senart,3 ALLEE DU PREAMBULE,Lieusaint,France,77127,03 52 80 00 27
New Balance CentrO,Centroallee 204-205,Oberhausen,Germany,46047,0208 45199009
New Balance,Münzstraße 21,Berlin,Germany,10178,069 20436139
New Balance The Style Outlet,"Via San Martino di Zusiagna, 1",Vicolungo,NO,28060,0321 835187
New Balance Arese Center,"Via Giuseppe Eugenio Luraghi, 11",Arese,MI,20020,02 9387 8028
New Balance Orio Center,VIA PORTICO n. 71 - UNITA 105,Orio al Serio,BG,24050,035 459 6004
New Balance Parma,"Str. della Repubblica, 33/a",Parma,PR,43121,0521 238093
New Balance Verona,"Corso Porta Borsari, 16",Verona,VR,37121,045 961 0294
New Balance Adigeo Center,"Viale delle Nazioni, 1",Verona,VR,37135,045 584068
New Balance GrandEmilia,"Via Emilia Ovest, 1480",Modena,MO,41123,059 396 5581
New Balance Bologna,"Via de' Toschi, 2/A",Bologna,BO,40124,051 275 0089
New Balance Noventa Designer Outlet,"Via Marco Polo, 1",Noventa di Piave,VE,30020,0421 5741
New Balance Firenze,"Via della Vigna Nuova, 32R",Firenze,FI,50123,055 291329
New Balance Roma,"Via delle Convertite, 10",Roma,RM,00187,06 678 6922
New Balance Euroma Center,"Viale dell'Oceano Pacifico, 83",Roma,RM,00144,06 4565 2223
New Balance Castel Romano Designer Outlet,"Via del Ponte di Piscina Cupa, 64",Castel Romano,RM,00128,06 505 0050
